year,topic,papers,decisions,acceptance_rate,reviewed,mean_score,mean_disagreement,high_disagreement_rate
2020,CNNs,52,52,0.09615384615384616,50,3.463333333333333,1.0052478749883127,0.1346153846153846
2020,GANs,75,75,0.18666666666666668,75,3.8366666666666664,1.097113678268053,0.28
2020,LLMs,39,39,0.2564102564102564,37,4.34009009009009,1.1642071558601024,0.23076923076923078
2020,RL,187,187,0.29411764705882354,184,4.376992753623188,1.1860159959165417,0.24598930481283424
2020,RNNs,47,47,0.2127659574468085,46,3.851449275362319,1.0046401459360326,0.1702127659574468
2020,active learning,9,9,0.1111111111111111,9,4.092592592592593,1.1223082820298143,0.2222222222222222
2020,adversarial,141,141,0.2978723404255319,138,4.186594202898551,1.140547901701485,0.20567375886524822
2020,alignment,1,1,0.0,1,3.3333333333333335,2.0548046676563256,1.0
2020,anomaly detection,12,12,0.25,12,4.25,0.9616738368245746,0.16666666666666666
2020,autoencoders,60,60,0.2,60,4.05,1.0866731274700179,0.15
2020,autonomous driving,4,4,0.5,4,4.333333333333333,0.23570226039551584,0.0
2020,causality,8,8,0.625,8,5.895833333333333,1.5740096675223645,0.5
2020,clustering,9,9,0.3333333333333333,9,4.287037037037037,0.8856452039818957,0.1111111111111111
2020,code generation,11,11,0.36363636363636365,11,4.454545454545454,1.7724338124476815,0.6363636363636364
2020,compression,29,29,0.1724137931034483,28,3.9702380952380953,1.012550294647073,0.13793103448275862
2020,continual learning,31,31,0.3225806451612903,31,4.479569892473118,1.1721319418203024,0.25806451612903225
2020,diffusion models,1,1,0.0,1,2.3333333333333335,0.9428090415820634,0.0
2020,explainability,10,10,0.3,10,4.7333333333333325,1.4124597435954076,0.4
2020,fairness,3,3,0.6666666666666666,3,4.555555555555556,0.7856742013183862,0.0
2020,federated learning,8,8,0.25,7,4.25,1.3469154461648507,0.125
2020,few-shot learning,22,22,0.22727272727272727,22,4.115151515151515,1.1158613978708718,0.2727272727272727
2020,graphs,73,73,0.3150684931506849,71,4.644366197183099,1.2903722425146453,0.3013698630136986
2020,imitation learning,24,24,0.375,24,4.486111111111112,1.3331161053064438,0.375
2020,interpretability,22,22,0.045454545454545456,22,4.003787878787879,1.4284531540734653,0.2727272727272727
2020,knowledge distillation,11,11,0.2727272727272727,10,4.433333333333334,1.4547024468618666,0.2727272727272727
2020,knowledge graphs,8,8,0.375,8,4.46875,1.2814986308004404,0.375
2020,language models,76,76,0.32894736842105265,75,4.206666666666667,1.1723149479207677,0.21052631578947367
2020,meta learning,43,43,0.3953488372093023,43,4.591085271317829,1.0959420257890058,0.27906976744186046
2020,model-based RL,11,11,0.2727272727272727,11,3.8787878787878785,0.38569460791993504,0.0
2020,multi-agent RL,22,22,0.36363636363636365,22,4.424242424242425,1.04389955304336,0.18181818181818182
2020,multi-task learning,16,16,0.125,16,3.901041666666667,1.0051103021681773,0.1875
2020,neural architecture search,24,24,0.4166666666666667,24,4.833333333333333,1.116800837147058,0.16666666666666666
2020,neuroscience,6,6,0.0,6,3.3333333333333335,1.0495742257959353,0.16666666666666666
2020,object detection,15,15,0.26666666666666666,15,3.927777777777778,0.9535642785926207,0.26666666666666666
2020,offline RL,2,2,0.0,2,4.5,0.0,0.0
2020,optimal transport,8,8,0.125,8,3.541666666666667,1.5154357735950237,0.5
2020,optimization,80,80,0.3375,79,4.313713080168776,1.2154031642481637,0.275
2020,out-of-distribution,20,20,0.0,20,3.6,1.3775150780506549,0.3
2020,privacy,11,11,0.36363636363636365,11,4.0606060606060606,1.4021198031179465,0.36363636363636365
2020,pruning,20,20,0.25,20,4.15,1.0278730216648966,0.05
2020,robustness,18,18,0.3888888888888889,18,4.597222222222222,1.2299328887074963,0.3333333333333333
2020,safety,6,6,0.16666666666666666,6,3.777777777777778,1.0495742257959353,0.3333333333333333
2020,self-supervised learning,20,20,0.35,20,4.591666666666667,1.365001611138406,0.3
2020,semi-supervised learning,21,21,0.19047619047619047,21,4.0476190476190474,1.0648263949693455,0.3333333333333333
2020,time series,6,6,0.5,6,4.805555555555556,1.1657140290113084,0.0
2020,transfer learning,44,44,0.18181818181818182,43,3.8333333333333335,1.1110104893220403,0.25
2020,transformers,50,50,0.26,50,3.8016666666666667,1.066963482979329,0.16
2021,CNNs,34,34,0.14705882352941177,32,4.944270833333333,1.019432477794629,0.029411764705882353
2021,GANs,79,79,0.26582278481012656,79,5.217721518987342,0.8639141848786984,0.0
2021,LLMs,27,27,0.37037037037037035,27,5.7320987654321,0.8729184341581879,0.0
2021,RL,176,176,0.2784090909090909,175,5.439714285714286,0.8823556689625723,0.005681818181818182
2021,RNNs,35,35,0.37142857142857144,34,5.473039215686275,0.8963130747245956,0.05714285714285714
2021,active learning,13,13,0.3076923076923077,13,5.601282051282051,1.0373990735186525,0.07692307692307693
2021,adversarial,134,134,0.2462686567164179,134,5.348258706467662,0.8333349807569996,0.05970149253731343
2021,alignment,4,4,0.25,4,5.083333333333333,0.921594179420018,0.0
2021,anomaly detection,11,11,0.09090909090909091,10,4.583333333333333,0.9382010734906568,0.0
2021,autoencoders,59,59,0.2711864406779661,58,5.338793103448276,0.7063167618510735,0.01694915254237288
2021,autonomous driving,3,3,0.0,3,5.166666666666667,0.7440169358562924,0.0
2021,causality,24,24,0.25,24,5.426388888888888,1.064886347655597,0.125
2021,clustering,16,16,0.1875,16,4.942708333333333,0.685387661901043,0.0
2021,code generation,7,7,0.2857142857142857,6,5.930555555555556,1.1280279152021295,0.0
2021,compression,22,22,0.36363636363636365,22,5.384848484848485,0.9062855811275962,0.045454545454545456
2021,continual learning,32,32,0.375,31,5.568817204301075,0.9481679258603606,0.0625
2021,diffusion models,4,4,0.5,4,6.0625,0.8260401789278367,0.0
2021,explainability,15,15,0.3333333333333333,14,5.560714285714285,0.7393807143889992,0.0
2021,fairness,12,12,0.3333333333333333,12,5.715277777777778,0.7881527375821182,0.0
2021,federated learning,30,30,0.3,30,5.0649999999999995,0.8026701757947401,0.06666666666666667
2021,few-shot learning,32,32,0.28125,32,5.3578125,0.849305896402223,0.03125
2021,graphs,107,107,0.2616822429906542,106,5.421383647798741,0.9689680042245845,0.056074766355140186
2021,imitation learning,17,17,0.5294117647058824,17,5.7480392156862745,0.8538012913606106,0.0
2021,interpretability,25,25,0.36,25,5.220666666666666,0.8835342027429074,0.0
2021,knowledge distillation,15,15,0.26666666666666666,15,5.316666666666666,0.8824948079187199,0.06666666666666667
2021,knowledge graphs,13,13,0.15384615384615385,13,4.891025641025641,0.8222838381641051,0.0
2021,language models,82,82,0.3902439024390244,81,5.412757201646091,0.8826637033479727,0.036585365853658534
2021,meta learning,58,58,0.25862068965517243,58,5.411494252873563,0.783979177347656,0.0
2021,model-based RL,15,15,0.3333333333333333,15,5.345555555555555,0.9719834633757822,0.06666666666666667
2021,multi-agent RL,23,23,0.391304347826087,23,5.489130434782608,1.0188888035139672,0.043478260869565216
2021,multi-task learning,17,17,0.5882352941176471,17,5.7558823529411764,0.8637258947024036,0.0
2021,neural architecture search,36,36,0.1388888888888889,35,5.19047619047619,0.7803027064930519,0.027777777777777776
2021,neuroscience,7,7,0.42857142857142855,7,6.25,0.8917249333072953,0.0
2021,object detection,27,27,0.25925925925925924,26,5.1551282051282055,0.8311686421387793,0.0
2021,offline RL,12,12,0.5,12,5.831944444444445,0.869545523902517,0.0
2021,optimal transport,11,11,0.36363636363636365,11,5.621212121212121,0.9396050691610411,0.0
2021,optimization,85,85,0.3411764705882353,84,5.537698412698413,0.847865392267774,0.03529411764705882
2021,out-of-distribution,27,27,0.3333333333333333,27,5.567901234567902,0.903441504066186,0.07407407407407407
2021,privacy,15,15,0.13333333333333333,15,5.227777777777778,0.9126444563096571,0.0
2021,pruning,27,27,0.2962962962962963,27,5.524691358024691,0.8930634091571307,0.037037037037037035
2021,robustness,33,33,0.2727272727272727,32,5.394791666666666,0.9358933782613745,0.030303030303030304
2021,safety,7,7,0.2857142857142857,7,5.485714285714286,0.7047194329616489,0.0
2021,self-supervised learning,69,69,0.43478260869565216,68,5.668627450980392,0.818480122984653,0.014492753623188406
2021,semi-supervised learning,23,23,0.2608695652173913,23,5.268840579710145,0.8578673499176577,0.043478260869565216
2021,time series,9,9,0.4444444444444444,9,5.666666666666667,1.1250647104273108,0.0
2021,transfer learning,54,54,0.2222222222222222,53,5.255974842767295,0.80606812248542,0.018518518518518517
2021,transformers,55,55,0.2909090909090909,54,5.376234567901235,0.7759793005240858,0.01818181818181818
2022,CNNs,31,31,0.2903225806451613,30,5.203888888888889,0.9802279175805325,0.0967741935483871
2022,GANs,38,38,0.5,38,5.632017543859649,0.9191591050916872,0.02631578947368421
2022,LLMs,26,26,0.38461538461538464,25,5.22,1.009195480433462,0.038461538461538464
2022,RL,176,176,0.3409090909090909,175,5.36756462585034,1.0652698734193409,0.09090909090909091
2022,RNNs,30,30,0.23333333333333334,29,4.956321839080459,1.050055576765137,0.1
2022,ViTs,36,36,0.5555555555555556,36,5.775925925925926,0.9290005584216523,0.05555555555555555
2022,active learning,22,22,0.18181818181818182,22,4.999242424242424,0.9583410636619004,0.045454545454545456
2022,adversarial,131,131,0.25190839694656486,130,5.174358974358974,1.0750088332189185,0.1297709923664122
2022,alignment,5,5,0.6,5,5.8,0.9377692973058686,0.0
2022,anomaly detection,13,13,0.15384615384615385,13,4.869230769230769,0.9592059141317955,0.07692307692307693
2022,autoencoders,44,44,0.38636363636363635,44,5.266287878787879,1.0543347401500898,0.11363636363636363
2022,autonomous driving,3,3,0.3333333333333333,3,4.75,1.515118919536001,0.3333333333333333
2022,causality,31,31,0.3225806451612903,30,5.035,1.0233018205248672,0.06451612903225806
2022,clustering,15,15,0.2,15,4.933333333333334,0.9622044522289561,0.06666666666666667
2022,code generation,8,8,0.375,8,5.73125,1.0140374726577723,0.125
2022,compression,28,28,0.10714285714285714,28,4.872619047619048,1.146187399545653,0.10714285714285714
2022,continual learning,53,53,0.39622641509433965,53,5.096855345911949,1.1236365332305187,0.1320754716981132
2022,diffusion models,12,12,0.5833333333333334,12,6.154166666666666,1.0344609934638376,0.08333333333333333
2022,explainability,30,30,0.16666666666666666,30,4.941666666666666,0.9976149844073448,0.1
2022,fairness,20,20,0.3,20,5.111666666666666,1.1074072520828213,0.1
2022,federated learning,50,50,0.24,50,4.987666666666667,1.1262092882234882,0.08
2022,few-shot learning,31,31,0.1935483870967742,30,5.009444444444444,0.9445310721924625,0.12903225806451613
2022,graphs,121,121,0.33884297520661155,118,5.280649717514124,0.9282576915444537,0.08264462809917356
2022,imitation learning,18,18,0.5,17,5.526470588235294,0.7338782376781938,0.05555555555555555
2022,interpretability,20,20,0.25,20,4.6258333333333335,1.0115340192640399,0.1
2022,knowledge distillation,23,23,0.34782608695652173,23,5.181884057971015,0.960909001029341,0.08695652173913043
2022,knowledge graphs,12,12,0.5,12,5.543055555555555,0.9158184348768964,0.0
2022,language models,75,75,0.30666666666666664,75,5.199333333333334,1.0355612869101474,0.08
2022,meta learning,42,42,0.4523809523809524,42,5.586111111111111,0.9922806245610613,0.07142857142857142
2022,model-based RL,24,24,0.4583333333333333,22,5.713636363636364,1.1542404207582075,0.08333333333333333
2022,multi-agent RL,37,37,0.2972972972972973,37,5.104954954954954,0.8670496868404308,0.10810810810810811
2022,multi-task learning,20,20,0.25,20,4.884166666666667,0.8212440645202845,0.05
2022,neural architecture search,18,18,0.2777777777777778,18,5.137962962962963,1.0875072792007652,0.16666666666666666
2022,neuroscience,11,11,0.5454545454545454,11,5.636363636363637,1.230056983001099,0.18181818181818182
2022,object detection,30,30,0.3333333333333333,30,5.418333333333334,0.8273008538292451,0.03333333333333333
2022,offline RL,25,25,0.4,25,5.489333333333333,0.8475445837761714,0.0
2022,optimal transport,22,22,0.4090909090909091,22,5.156818181818182,1.1300609740765708,0.13636363636363635
2022,optimization,106,106,0.3584905660377358,102,5.390196078431372,0.9662658317383758,0.09433962264150944
2022,out-of-distribution,52,52,0.23076923076923078,52,5.151923076923077,0.9389389810474433,0.057692307692307696
2022,privacy,36,36,0.3055555555555556,36,5.244907407407407,1.193421348034668,0.08333333333333333
2022,pruning,23,23,0.21739130434782608,22,4.537878787878788,0.9437433249104341,0.0
2022,robustness,29,29,0.1724137931034483,28,4.920833333333333,1.0790090261011156,0.13793103448275862
2022,safety,8,8,0.0,8,4.197916666666667,1.4405915184358922,0.5
2022,self-supervised learning,93,93,0.25806451612903225,93,5.2582437275985665,0.9616591248228162,0.07526881720430108
2022,semi-supervised learning,22,22,0.2727272727272727,22,5.0196969696969695,1.0726592010235143,0.13636363636363635
2022,time series,13,13,0.15384615384615385,13,4.627838827838828,0.8824926965905987,0.0
2022,transfer learning,57,57,0.2982456140350877,57,5.232163742690059,1.072738946161197,0.14035087719298245
2022,transformers,80,80,0.2875,78,5.197863247863248,0.9850881381875137,0.0625
2022,vision-language models,6,6,0.3333333333333333,6,5.291666666666667,0.9865248421400606,0.16666666666666666
2023,CNNs,42,42,0.35714285714285715,42,5.098809523809524,1.1400854419067314,0.11904761904761904
2023,GANs,35,35,0.2857142857142857,33,4.872222222222222,0.9815804896017791,0.05714285714285714
2023,LLMs,48,48,0.4375,47,5.402127659574468,1.0751080428317306,0.10416666666666667
2023,RL,170,170,0.37058823529411766,168,5.198710317460318,1.0399182700331755,0.13529411764705881
2023,RNNs,22,22,0.36363636363636365,22,4.963636363636364,0.9208983432125764,0.09090909090909091
2023,ViTs,50,50,0.16,50,4.8389999999999995,1.143152287933026,0.12
2023,active learning,26,26,0.23076923076923078,26,4.8403846153846155,1.1471719113903927,0.11538461538461539
2023,adversarial,119,119,0.2605042016806723,118,5.071892655367232,1.021569755228216,0.058823529411764705
2023,alignment,3,3,0.6666666666666666,3,5.833333333333333,0.8660254037844387,0.0
2023,anomaly detection,14,14,0.21428571428571427,14,4.803571428571429,1.079386630837593,0.21428571428571427
2023,autoencoders,47,47,0.2978723404255319,47,4.86063829787234,1.022164111386616,0.10638297872340426
2023,autonomous driving,10,10,0.4,10,5.75,1.3010716079314206,0.4
2023,causality,40,40,0.3,40,5.16125,1.1373130297354237,0.075
2023,clustering,22,22,0.18181818181818182,22,5.041666666666667,0.7705754824924096,0.0
2023,code generation,14,14,0.5714285714285714,14,5.5249999999999995,1.0054155666430387,0.14285714285714285
2023,compression,43,43,0.37209302325581395,43,5.090697674418605,0.9324214248304646,0.11627906976744186
2023,continual learning,64,64,0.234375,63,5.048677248677248,1.1105470946873397,0.09375
2023,diffusion models,64,64,0.5,64,5.677864583333333,1.0524503302420771,0.109375
2023,explainability,49,49,0.32653061224489793,49,5.156462585034014,1.1039583447522165,0.12244897959183673
2023,fairness,37,37,0.24324324324324326,37,5.031981981981982,0.981761470943956,0.13513513513513514
2023,federated learning,89,89,0.2247191011235955,88,4.89883658008658,1.0186028752051972,0.07865168539325842
2023,few-shot learning,30,30,0.43333333333333335,30,5.296111111111111,0.9738663681642669,0.06666666666666667
2023,graphs,168,168,0.30952380952380953,166,5.087198795180723,1.0687364772435781,0.09523809523809523
2023,imitation learning,22,22,0.3181818181818182,22,5.249242424242424,1.0984614550028307,0.13636363636363635
2023,in-context learning,7,7,0.5714285714285714,7,5.654761904761905,1.0124604922719274,0.14285714285714285
2023,interpretability,15,15,0.2,14,4.989285714285714,0.8966134514252274,0.2
2023,knowledge distillation,36,36,0.2777777777777778,36,4.918055555555556,0.9728132763262626,0.08333333333333333
2023,knowledge graphs,12,12,0.4166666666666667,12,5.322222222222222,1.1172613602332917,0.25
2023,language models,117,117,0.3418803418803419,115,5.265507246376811,1.0952647310214811,0.11965811965811966
2023,meta learning,54,54,0.2962962962962963,54,5.162169312169312,1.0953066100745328,0.14814814814814814
2023,model-based RL,23,23,0.43478260869565216,23,5.3420289855072465,0.9790584615779194,0.08695652173913043
2023,multi-agent RL,51,51,0.21568627450980393,50,4.781499999999999,0.9127963024377681,0.09803921568627451
2023,multi-task learning,24,24,0.2916666666666667,24,4.888888888888888,1.0898372129104354,0.08333333333333333
2023,neural architecture search,22,22,0.22727272727272727,22,5.121969696969697,0.6281494600403232,0.0
2023,neuroscience,15,15,0.5333333333333333,15,5.796666666666667,1.0732405741947557,0.2
2023,object detection,37,37,0.2702702702702703,37,5.116666666666666,0.9024533568454185,0.05405405405405406
2023,offline RL,72,72,0.4444444444444444,72,5.685416666666667,1.121607160395234,0.08333333333333333
2023,optimal transport,31,31,0.41935483870967744,30,5.617222222222222,1.013580867123966,0.06451612903225806
2023,optimization,125,125,0.368,125,5.433466666666666,1.0682104352055704,0.096
2023,out-of-distribution,70,70,0.34285714285714286,70,5.293809523809524,1.1141657892679806,0.14285714285714285
2023,privacy,57,57,0.2982456140350877,56,5.141071428571428,0.9779978558694667,0.05263157894736842
2023,pruning,20,20,0.25,20,4.6975,0.9095642536929633,0.1
2023,robustness,41,41,0.3170731707317073,41,5.221544715447155,1.0097995530494264,0.07317073170731707
2023,safety,13,13,0.23076923076923078,13,4.961538461538462,0.9990136185300276,0.07692307692307693
2023,self-supervised learning,147,147,0.3401360544217687,147,5.378231292517007,1.0354186110346482,0.061224489795918366
2023,semi-supervised learning,34,34,0.3235294117647059,34,5.035294117647059,0.9872108453505826,0.11764705882352941
2023,time series,32,32,0.28125,32,5.0765625,1.2177182577341952,0.1875
2023,transfer learning,86,86,0.32558139534883723,86,5.129457364341085,1.038502309819146,0.046511627906976744
2023,transformers,138,138,0.3115942028985507,137,5.128223844282239,1.0483967888837644,0.07246376811594203
2023,vision-language models,28,28,0.25,28,4.851785714285714,1.0346138614540876,0.10714285714285714
2024,CNNs,33,33,0.09090909090909091,33,4.431565656565657,1.2266373381415359,0.15151515151515152
2024,GANs,25,25,0.24,25,4.469333333333333,0.9553444364784841,0.04
2024,LLMs,454,454,0.3458149779735683,443,5.304966139954853,1.073542709682441,0.1013215859030837
2024,RL,271,271,0.3025830258302583,268,5.063930348258707,1.0201997563156078,0.12177121771217712
2024,RNNs,34,34,0.38235294117647056,34,5.261274509803921,1.0156340030535542,0.08823529411764706
2024,ViTs,45,45,0.28888888888888886,45,5.125291005291006,1.0268950396785497,0.08888888888888889
2024,active learning,30,30,0.26666666666666666,28,4.935714285714285,0.9439484555902249,0.1
2024,adversarial,182,182,0.24725274725274726,177,5.058299704062416,1.0167018327829616,0.1043956043956044
2024,alignment,57,57,0.42105263157894735,57,5.491228070175438,1.0276389614789023,0.10526315789473684
2024,anomaly detection,32,32,0.125,32,4.747395833333333,0.8249106748913029,0.03125
2024,autoencoders,46,46,0.2608695652173913,46,4.899275362318841,0.9410197366761947,0.06521739130434782
2024,autonomous driving,26,26,0.3076923076923077,26,5.1506410256410255,0.8671067322155666,0.0
2024,causality,86,86,0.3023255813953488,84,5.221031746031746,1.0154041546687884,0.06976744186046512
2024,clustering,20,20,0.2,20,4.9625,1.1515572708663322,0.2
2024,code generation,37,37,0.43243243243243246,37,5.642342342342343,1.0067133256545606,0.05405405405405406
2024,compression,44,44,0.29545454545454547,44,5.1886363636363635,1.0574362425500263,0.13636363636363635
2024,continual learning,101,101,0.18811881188118812,100,4.782,1.021271691764332,0.06930693069306931
2024,diffusion models,336,336,0.39880952380952384,332,5.398192771084338,0.9141615588197844,0.05357142857142857
2024,explainability,79,79,0.17721518987341772,76,4.834210526315789,1.0588745959979025,0.10126582278481013
2024,fairness,55,55,0.2909090909090909,54,5.110493827160493,1.0747876054577636,0.10909090909090909
2024,federated learning,118,118,0.19491525423728814,117,4.937037037037037,1.047570857635834,0.1016949152542373
2024,few-shot learning,22,22,0.18181818181818182,22,5.046969696969697,0.9413679933138817,0.09090909090909091
2024,graphs,274,274,0.2591240875912409,268,4.960181236673774,1.0612537966769466,0.10948905109489052
2024,imitation learning,35,35,0.42857142857142855,35,5.326190476190476,1.0043157845744362,0.05714285714285714
2024,in-context learning,63,63,0.3333333333333333,63,5.247883597883598,0.9172603995639584,0.09523809523809523
2024,interpretability,55,55,0.2727272727272727,53,5.177044025157232,1.0745285211616653,0.10909090909090909
2024,knowledge distillation,52,52,0.25,51,4.927124183006536,0.9535198913230525,0.038461538461538464
2024,knowledge graphs,23,23,0.34782608695652173,23,4.978985507246377,1.0480101985455326,0.08695652173913043
2024,language models,227,227,0.3832599118942731,223,5.422272047832586,1.090724336606311,0.12334801762114538
2024,meta learning,42,42,0.3333333333333333,42,4.912698412698413,0.9905241141640266,0.07142857142857142
2024,model-based RL,20,20,0.4,20,5.7316666666666665,1.099624464259811,0.1
2024,multi-agent RL,45,45,0.24444444444444444,44,4.9170454545454545,1.0325001486803413,0.08888888888888889
2024,multi-task learning,27,27,0.37037037037037035,27,5.300617283950618,1.0957801607041346,0.14814814814814814
2024,neural architecture search,26,26,0.11538461538461539,26,4.7525641025641026,1.0299650543895453,0.07692307692307693
2024,neuroscience,29,29,0.3103448275862069,29,5.417241379310345,1.1342210789257485,0.1724137931034483
2024,object detection,55,55,0.16363636363636364,55,4.911515151515151,0.9542939891112077,0.05454545454545454
2024,offline RL,73,73,0.3561643835616438,73,5.301141552511416,1.0292027356175348,0.0684931506849315
2024,optimal transport,37,37,0.43243243243243246,37,5.423873873873874,0.9825386442825359,0.13513513513513514
2024,optimization,199,199,0.35175879396984927,190,5.302280701754386,1.115749552874227,0.15577889447236182
2024,out-of-distribution,97,97,0.28865979381443296,95,5.127017543859649,1.0107142349979288,0.12371134020618557
2024,privacy,74,74,0.3108108108108108,73,5.2878995433789955,1.1047645827070707,0.13513513513513514
2024,pruning,48,48,0.4166666666666667,48,5.233680555555556,1.1172473013669304,0.1875
2024,robustness,45,45,0.3111111111111111,43,5.286821705426357,0.987386534128264,0.13333333333333333
2024,safety,37,37,0.5405405405405406,36,5.496759259259259,1.0240606124241118,0.02702702702702703
2024,self-supervised learning,167,167,0.3473053892215569,163,5.173721881390593,1.002939383046316,0.0658682634730539
2024,semi-supervised learning,38,38,0.15789473684210525,38,4.734210526315789,1.0030433088126873,0.07894736842105263
2024,time series,63,63,0.3333333333333333,62,5.146505376344086,0.9893061998195548,0.06349206349206349
2024,transfer learning,109,109,0.23853211009174313,108,4.903086419753087,1.0861724038453333,0.08256880733944955
2024,transformers,156,156,0.33974358974358976,154,5.134415584415585,1.0868797117729423,0.14743589743589744
2024,vision-language models,86,86,0.37209302325581395,84,5.206547619047619,0.9276300929727199,0.06976744186046512
2025,CNNs,29,29,0.13793103448275862,28,3.957142857142857,0.9252168136041888,0.06896551724137931
2025,GANs,23,23,0.21739130434782608,23,4.491304347826087,0.9940152401788368,0.08695652173913043
2025,LLMs,1189,1189,0.32380151387720774,1167,5.190910760190966,1.0417636754009967,0.0941968040370059
2025,RL,272,272,0.3382352941176471,268,5.25634328358209,1.0698121309441504,0.1213235294117647
2025,RNNs,38,38,0.2894736842105263,38,4.658333333333334,1.1488173044488978,0.21052631578947367
2025,ViTs,31,31,0.2903225806451613,31,4.990322580645161,1.0030729986525295,0.0967741935483871
2025,active learning,39,39,0.2564102564102564,39,5.0807692307692305,1.111335086181315,0.07692307692307693
2025,adversarial,168,168,0.26785714285714285,166,4.974010327022375,1.0645860395004716,0.08928571428571429
2025,alignment,166,166,0.39156626506024095,164,5.336382113821138,1.1073587734349737,0.13855421686746988
2025,anomaly detection,33,33,0.3333333333333333,33,4.909090909090909,0.8229042035538991,0.06060606060606061
2025,autoencoders,50,50,0.22,50,4.742333333333334,1.05637026678308,0.1
2025,autonomous driving,54,54,0.2222222222222222,53,4.846540880503145,1.0457027407371164,0.07407407407407407
2025,causality,109,109,0.3394495412844037,107,5.218535825545171,1.1052488993110052,0.08256880733944955
2025,clustering,44,44,0.3181818181818182,43,5.158139534883722,1.0065202773840574,0.11363636363636363
2025,code generation,63,63,0.30158730158730157,63,4.9977324263038545,1.2320160493047123,0.19047619047619047
2025,compression,79,79,0.31645569620253167,79,5.194605183845691,0.954526285531524,0.08860759493670886
2025,continual learning,107,107,0.24299065420560748,105,4.802040816326531,1.0053223536584899,0.08411214953271028
2025,diffusion models,587,587,0.35093696763202725,585,5.2809890109890105,0.9438611064787663,0.08347529812606473
2025,explainability,95,95,0.2736842105263158,94,4.886170212765958,1.0707387009739857,0.09473684210526316
2025,fairness,62,62,0.27419354838709675,61,4.895901639344262,1.0730061817396195,0.0967741935483871
2025,federated learning,108,108,0.16666666666666666,108,4.51712962962963,0.9795560187688067,0.046296296296296294
2025,few-shot learning,16,16,0.0,16,4.594791666666667,1.1012413693239624,0.125
2025,graphs,298,298,0.29194630872483224,296,5.130686936936937,0.9752603478531178,0.07046979865771812
2025,imitation learning,43,43,0.46511627906976744,43,5.4147286821705425,1.0522366737811553,0.09302325581395349
2025,in-context learning,113,113,0.3185840707964602,112,5.270578231292517,1.131991735191922,0.12389380530973451
2025,interpretability,100,100,0.4,97,5.258787432498773,1.056815862273861,0.11
2025,knowledge distillation,60,60,0.3333333333333333,59,5.360169491525424,0.9383975085435858,0.06666666666666667
2025,knowledge graphs,39,39,0.2564102564102564,39,4.977350427350427,0.9735904232760404,0.07692307692307693
2025,language models,343,343,0.40816326530612246,338,5.34879191321499,1.0548358965012288,0.11078717201166181
2025,meta learning,29,29,0.27586206896551724,29,5.06551724137931,1.1337627934023202,0.10344827586206896
2025,model-based RL,21,21,0.6666666666666666,21,6.066666666666667,0.9159777688761833,0.09523809523809523
2025,multi-agent RL,67,67,0.31343283582089554,67,5.03134328358209,0.9674244377339506,0.07462686567164178
2025,multi-task learning,38,38,0.3684210526315789,38,5.0890350877192985,1.0299548629857935,0.15789473684210525
2025,neural architecture search,18,18,0.2222222222222222,17,4.892156862745098,1.0752448500503484,0.1111111111111111
2025,neuroscience,37,37,0.35135135135135137,37,5.536036036036037,1.1733461489368506,0.1891891891891892
2025,object detection,42,42,0.11904761904761904,42,4.628968253968254,0.9851149132152073,0.07142857142857142
2025,offline RL,72,72,0.375,72,5.229166666666667,0.8981278135403047,0.041666666666666664
2025,optimal transport,57,57,0.40350877192982454,57,5.793859649122807,1.0301451300055724,0.07017543859649122
2025,optimization,254,254,0.3031496062992126,247,5.11959706959707,1.0322949190071284,0.07480314960629922
2025,out-of-distribution,96,96,0.3125,95,5.269122807017544,0.957050251831494,0.041666666666666664
2025,privacy,100,100,0.36,98,5.400898931000972,1.0973188003291068,0.1
2025,pruning,30,30,0.4,30,5.418333333333334,0.9929158304913968,0.03333333333333333
2025,robustness,52,52,0.3269230769230769,52,5.185119047619048,1.075111859363655,0.057692307692307696
2025,safety,146,146,0.2945205479452055,143,5.227922077922078,1.1551166143902074,0.1643835616438356
2025,self-supervised learning,156,156,0.3141025641025641,155,5.085268817204302,1.0215471776008616,0.08974358974358974
2025,semi-supervised learning,12,12,0.25,12,4.979166666666667,1.122505428395902,0.08333333333333333
2025,time series,114,114,0.19298245614035087,113,4.827728613569321,1.086963307211227,0.12280701754385964
2025,transfer learning,107,107,0.2336448598130841,106,4.745754716981132,0.941705442375261,0.018691588785046728
2025,transformers,242,242,0.3347107438016529,237,5.180661040787623,1.0622790310587582,0.07851239669421488
2025,vision-language models,155,155,0.3870967741935484,153,5.317989417989418,0.9654061077727591,0.0967741935483871
